layer,accuracy_mean,accuracy_std
0,0.22142857142857145,0.09948848769417228
1,0.2642857142857143,0.04844521416518049
2,0.3071428571428571,0.04844521416518049
3,0.3142857142857143,0.07284313590846835
4,0.37142857142857144,0.03642156795423416
5,0.3928571428571429,0.03912303982179759
6,0.39285714285714285,0.08144110179279557
7,0.3928571428571429,0.09035079029052512
8,0.3642857142857143,0.0654653670707977
9,0.37142857142857144,0.0662401321106836
10,0.38571428571428573,0.041649656391752124
11,0.39285714285714285,0.050507627227610534
12,0.3928571428571429,0.06776309271789385
13,0.40714285714285714,0.07354021529276428
14,0.37142857142857144,0.04844521416518047
15,0.4071428571428572,0.04844521416518049
16,0.4,0.05248906591678238
17,0.34285714285714286,0.06624013211068361
18,0.37857142857142856,0.0662401321106836
19,0.45,0.0662401321106836
20,0.41428571428571426,0.09202927661946518
21,0.41428571428571426,0.06624013211068361
22,0.42857142857142855,0.05976143046671968
23,0.41428571428571426,0.04844521416518048
24,0.4,0.04738035414793428
25,0.4142857142857143,0.0769309258162072
26,0.40714285714285714,0.03642156795423418
27,0.39285714285714285,0.03912303982179756
28,0.42142857142857143,0.01428571428571428
29,0.37857142857142856,0.04844521416518047
30,0.42857142857142855,0.06388765649999399
31,0.4,0.04738035414793428
32,0.37142857142857144,0.01749635530559412
